Kód,Territory unit,Total,Slovak (abs.),Slovak (%),Hungarian (abs.),Hungarian (%),Romani (abs.),Romani (%),Ruthenian (abs.),Ruthenian (%),Czech (abs.),Czech (%),Ukrainian (abs.),Ukrainian (%),German (abs.),German (%),Moravian (abs.),Moravian (%),Polish (abs.),Polish (%),Russian (abs.),Russian (%),Vietnamese (abs.),Vietnamese (%),Bulgarian (abs.),Bulgarian (%),Croatian (abs.),Croatian (%),Serbian (abs.),Serbian (%),Jewish (abs.),Jewish (%),Romanian (abs.),Romanian (%),Albanian (abs.),Albanian (%),Austrian (abs.),Austrian (%),Greek (abs.),Greek (%),Silesian (abs.),Silesian (%),Chinese (abs.),Chinese (%),Italian (abs.),Italian (%),Korean (abs.),Korean (%),English (abs.),English (%),French (abs.),French (%),Turkish (abs.),Turkish (%),Iranian (abs.),Iranian (%),Irish (abs.),Irish (%),Canadian (abs.),Canadian (%),other (abs.),other (%),not found out (abs.),not found out (%)
SK0101,District of Bratislava I,46080,36830,79.93,941,2.04,25,0.05,70,0.15,538,1.17,211,0.46,164,0.36,22,0.05,67,0.15,165,0.36,17,0.04,63,0.14,26,0.06,31,0.07,70,0.15,31,0.07,27,0.06,31,0.07,58,0.13,1,0,6,0.01,126,0.27,17,0.04,23,0.05,85,0.18,16,0.03,21,0.05,11,0.02,10,0.02,552,1.2,5825,12.64
SK0102,District of Bratislava II,125179,105099,83.96,4431,3.54,77,0.06,194,0.15,1139,0.91,336,0.27,185,0.15,61,0.05,127,0.1,211,0.17,175,0.14,124,0.1,65,0.05,92,0.07,34,0.03,68,0.05,66,0.05,43,0.03,50,0.04,2,0,221,0.18,101,0.08,12,0.01,11,0.01,50,0.04,19,0.02,12,0.01,12,0.01,4,0,604,0.48,11554,9.23
SK0103,District of Bratislava III,76270,64207,84.18,1207,1.58,17,0.02,111,0.15,788,1.03,292,0.38,108,0.14,37,0.05,87,0.11,197,0.26,556,0.73,53,0.07,32,0.04,52,0.07,30,0.04,65,0.09,27,0.04,24,0.03,28,0.04,2,0,96,0.13,67,0.09,33,0.04,14,0.02,60,0.08,17,0.02,7,0.01,6,0.01,2,0,459,0.6,7589,9.95
SK0104,District of Bratislava IV,105245,92571,87.96,1642,1.56,28,0.03,171,0.16,1172,1.11,311,0.3,173,0.16,58,0.06,118,0.11,253,0.24,17,0.02,144,0.14,66,0.06,62,0.06,12,0.01,54,0.05,22,0.02,19,0.02,12,0.01,7,0.01,30,0.03,74,0.07,29,0.03,10,0.01,34,0.03,21,0.02,7,0.01,8,0.01,6,0.01,489,0.46,7625,7.24
SK0105,District of Bratislava V,122729,106354,86.66,3076,2.51,68,0.06,189,0.15,1109,0.9,274,0.22,118,0.1,57,0.05,121,0.1,185,0.15,16,0.01,68,0.06,332,0.27,63,0.05,24,0.02,32,0.03,52,0.04,38,0.03,25,0.02,8,0.01,40,0.03,55,0.04,4,0,11,0.01,42,0.03,11,0.01,0,0,13,0.01,2,0,437,0.36,9905,8.07
SK0106,District of Malacky,78136,71293,91.24,311,0.4,175,0.22,60,0.08,607,0.78,113,0.14,49,0.06,20,0.03,52,0.07,54,0.07,51,0.07,12,0.02,23,0.03,41,0.05,3,0,82,0.1,20,0.03,24,0.03,1,0,1,0,13,0.02,21,0.03,1,0,5,0.01,5,0.01,5,0.01,6,0.01,3,0,1,0,140,0.18,4944,6.33
SK0107,District of Pezinok,69183,64061,92.6,334,0.48,19,0.03,61,0.09,428,0.62,123,0.18,46,0.07,20,0.03,32,0.05,65,0.09,43,0.06,27,0.04,31,0.04,24,0.03,7,0.01,28,0.04,6,0.01,13,0.02,6,0.01,3,0,6,0.01,22,0.03,0,0,6,0.01,8,0.01,2,0,0,0,7,0.01,1,0,149,0.22,3605,5.21
SK0108,District of Senec,96715,79747,82.46,8715,9.01,51,0.05,138,0.14,648,0.67,330,0.34,109,0.11,24,0.02,69,0.07,130,0.13,112,0.12,35,0.04,29,0.03,47,0.05,15,0.02,73,0.08,29,0.03,29,0.03,24,0.02,0,0,37,0.04,43,0.04,13,0.01,16,0.02,19,0.02,14,0.01,1,0,4,0,2,0,378,0.39,5834,6.03
SK0211,District of Dunajská Streda,124669,30728,24.65,85586,68.65,1225,0.98,25,0.02,588,0.47,148,0.12,66,0.05,22,0.02,49,0.04,81,0.06,43,0.03,20,0.02,11,0.01,27,0.02,18,0.01,33,0.03,12,0.01,14,0.01,9,0.01,1,0,18,0.01,20,0.02,0,0,12,0.01,8,0.01,16,0.01,16,0.01,1,0,1,0,192,0.15,5679,4.56
SK0212,District of Galanta,95124,60009,63.09,29582,31.1,154,0.16,24,0.03,391,0.41,61,0.06,46,0.05,9,0.01,32,0.03,32,0.03,82,0.09,12,0.01,8,0.01,33,0.03,12,0.01,103,0.11,7,0.01,13,0.01,3,0,0,0,1,0,28,0.03,7,0.01,10,0.01,4,0,3,0,0,0,1,0,1,0,98,0.1,4358,4.58
SK0213,District of Hlohovec,44015,41512,94.31,74,0.17,38,0.09,6,0.01,164,0.37,24,0.05,7,0.02,2,0,17,0.04,9,0.02,12,0.03,11,0.02,6,0.01,15,0.03,2,0,4,0.01,7,0.02,1,0,1,0,3,0.01,7,0.02,4,0.01,0,0,4,0.01,4,0.01,0,0,0,0,1,0,0,0,45,0.1,2035,4.62
SK0214,District of Piešťany,63032,58501,92.81,132,0.21,30,0.05,18,0.03,461,0.73,83,0.13,34,0.05,13,0.02,28,0.04,83,0.13,51,0.08,9,0.01,13,0.02,27,0.04,12,0.02,11,0.02,6,0.01,8,0.01,0,0,5,0.01,7,0.01,15,0.02,2,0,12,0.02,11,0.02,4,0.01,0,0,0,0,0,0,140,0.22,3316,5.26
SK0215,District of Senica,59749,56808,95.08,72,0.12,240,0.4,20,0.03,487,0.82,35,0.06,19,0.03,15,0.03,24,0.04,24,0.04,21,0.04,3,0.01,2,0,14,0.02,2,0,36,0.06,10,0.02,15,0.03,1,0,2,0,2,0,11,0.02,0,0,4,0.01,4,0.01,0,0,0,0,1,0,0,0,63,0.11,1814,3.04
SK0216,District of Skalica,47525,43306,91.12,63,0.13,89,0.19,7,0.01,833,1.75,86,0.18,8,0.02,34,0.07,11,0.02,21,0.04,15,0.03,7,0.01,2,0,2,0,5,0.01,33,0.07,2,0,9,0.02,1,0,1,0,4,0.01,12,0.03,0,0,4,0.01,2,0,1,0,0,0,0,0,0,0,50,0.11,2917,6.14
SK0217,District of Trnava,131894,122756,93.07,322,0.24,182,0.14,50,0.04,554,0.42,211,0.16,51,0.04,32,0.02,78,0.06,71,0.05,115,0.09,33,0.03,29,0.02,113,0.09,9,0.01,56,0.04,7,0.01,8,0.01,2,0,4,0,24,0.02,32,0.02,16,0.01,8,0.01,27,0.02,8,0.01,1,0,5,0,1,0,281,0.21,6808,5.16
SK0221,District of Bánovce nad Bebravou,35967,33936,94.35,31,0.09,50,0.14,10,0.03,161,0.45,28,0.08,5,0.01,7,0.02,9,0.03,7,0.02,10,0.03,1,0,2,0.01,7,0.02,3,0.01,12,0.03,2,0.01,3,0.01,1,0,0,0,3,0.01,10,0.03,0,0,5,0.01,0,0,5,0.01,0,0,0,0,0,0,39,0.11,1620,4.5
SK0222,District of Ilava,58058,54585,94.02,66,0.11,23,0.04,16,0.03,406,0.7,31,0.05,14,0.02,18,0.03,23,0.04,17,0.03,8,0.01,12,0.02,3,0.01,5,0.01,7,0.01,6,0.01,4,0.01,7,0.01,2,0,0,0,2,0,10,0.02,5,0.01,1,0,1,0,1,0,1,0,2,0,1,0,54,0.09,2727,4.7
SK0223,District of Myjava,25678,24103,93.87,37,0.14,43,0.17,8,0.03,249,0.97,36,0.14,5,0.02,9,0.04,8,0.03,6,0.02,8,0.03,3,0.01,0,0,8,0.03,3,0.01,38,0.15,1,0,3,0.01,0,0,0,0,1,0,7,0.03,0,0,4,0.02,1,0,3,0.01,0,0,0,0,0,0,27,0.11,1067,4.16
SK0224,District of Nové Mesto nad Váhom,61840,58159,94.05,85,0.14,84,0.14,10,0.02,536,0.87,44,0.07,29,0.05,26,0.04,28,0.05,17,0.03,13,0.02,33,0.05,16,0.03,13,0.02,5,0.01,32,0.05,1,0,3,0,1,0,0,0,12,0.02,11,0.02,0,0,9,0.01,6,0.01,2,0,4,0.01,2,0,1,0,76,0.12,2582,4.18
SK0225,District of Partizánske,44515,41783,93.86,93,0.21,51,0.11,10,0.02,158,0.35,12,0.03,16,0.04,11,0.02,29,0.07,12,0.03,6,0.01,2,0,6,0.01,4,0.01,1,0,19,0.04,4,0.01,3,0.01,2,0,2,0,4,0.01,11,0.02,0,0,7,0.02,2,0,6,0.01,0,0,9,0.02,1,0,39,0.09,2212,4.97
SK0226,District of Považská Bystrica,61617,58341,94.68,50,0.08,13,0.02,9,0.01,334,0.54,28,0.05,12,0.02,20,0.03,31,0.05,29,0.05,4,0.01,3,0,3,0,8,0.01,2,0,2,0,2,0,1,0,2,0,0,0,0,0,5,0.01,4,0.01,5,0.01,3,0,2,0,2,0,0,0,0,0,77,0.12,2625,4.26
SK0227,District of Prievidza,131693,122638,93.12,293,0.22,96,0.07,20,0.02,573,0.44,75,0.06,227,0.17,18,0.01,59,0.04,66,0.05,42,0.03,8,0.01,14,0.01,10,0.01,9,0.01,24,0.02,11,0.01,8,0.01,5,0,3,0,26,0.02,26,0.02,1,0,20,0.02,0,0,4,0,0,0,13,0.01,2,0,139,0.11,7263,5.52
SK0228,District of Púchov,44319,42321,95.49,20,0.05,26,0.06,12,0.03,268,0.6,9,0.02,12,0.03,9,0.02,21,0.05,13,0.03,3,0.01,4,0.01,3,0.01,14,0.03,2,0,10,0.02,1,0,3,0.01,2,0,1,0,4,0.01,4,0.01,3,0.01,2,0,0,0,0,0,0,0,1,0,2,0,40,0.09,1509,3.4
SK0229,District of Trenčín,113777,107537,94.52,166,0.15,40,0.04,34,0.03,1094,0.96,77,0.07,34,0.03,55,0.05,52,0.05,54,0.05,16,0.01,16,0.01,5,0,18,0.02,10,0.01,11,0.01,5,0,10,0.01,7,0.01,3,0,8,0.01,22,0.02,2,0,16,0.01,8,0.01,5,0,2,0,9,0.01,3,0,172,0.15,4286,3.77
SK0231,District of Komárno,100952,29089,28.81,62166,61.58,958,0.95,9,0.01,440,0.44,65,0.06,40,0.04,11,0.01,48,0.05,37,0.04,88,0.09,18,0.02,14,0.01,11,0.01,6,0.01,23,0.02,2,0,10,0.01,2,0,1,0,5,0,22,0.02,7,0.01,1,0,1,0,14,0.01,0,0,1,0,4,0,114,0.11,7745,7.67
SK0232,District of Levice,110469,78598,71.15,23372,21.16,762,0.69,24,0.02,532,0.48,87,0.08,35,0.03,14,0.01,63,0.06,24,0.02,40,0.04,22,0.02,9,0.01,14,0.01,15,0.01,24,0.02,9,0.01,7,0.01,0,0,1,0,31,0.03,37,0.03,0,0,12,0.01,6,0.01,25,0.02,0,0,2,0,3,0,136,0.12,6565,5.94
SK0233,District of Nitra,164788,146728,89.04,6798,4.13,136,0.08,58,0.04,783,0.48,130,0.08,59,0.04,41,0.02,151,0.09,110,0.07,89,0.05,30,0.02,23,0.01,32,0.02,11,0.01,47,0.03,33,0.02,11,0.01,21,0.01,2,0,41,0.02,65,0.04,1,0,14,0.01,10,0.01,14,0.01,4,0,3,0,1,0,313,0.19,9029,5.48
SK0234,District of Nové Zámky,138168,84055,60.84,44066,31.89,340,0.25,22,0.02,650,0.47,68,0.05,35,0.03,13,0.01,48,0.03,44,0.03,57,0.04,24,0.02,21,0.02,16,0.01,12,0.01,15,0.01,12,0.01,6,0,6,0,3,0,40,0.03,19,0.01,6,0,13,0.01,3,0,26,0.02,1,0,9,0.01,0,0,177,0.13,8361,6.05
SK0235,District of Šaľa,51477,33043,64.19,14385,27.94,202,0.39,15,0.03,215,0.42,43,0.08,5,0.01,5,0.01,21,0.04,10,0.02,28,0.05,6,0.01,7,0.01,19,0.04,1,0,18,0.03,9,0.02,3,0.01,1,0,1,0,27,0.05,11,0.02,2,0,4,0.01,3,0.01,11,0.02,0,0,1,0,0,0,48,0.09,3333,6.47
SK0236,District of Topoľčany,70877,66789,94.23,109,0.15,36,0.05,18,0.03,263,0.37,70,0.1,15,0.02,7,0.01,31,0.04,22,0.03,27,0.04,5,0.01,5,0.01,4,0.01,4,0.01,75,0.11,24,0.03,7,0.01,2,0,1,0,7,0.01,17,0.02,0,0,5,0.01,3,0,3,0,1,0,2,0,0,0,77,0.11,3248,4.58
SK0237,District of Zlaté Moravce,41169,38353,93.16,317,0.77,196,0.48,6,0.01,167,0.41,29,0.07,10,0.02,9,0.02,29,0.07,16,0.04,4,0.01,5,0.01,0,0,7,0.02,4,0.01,3,0.01,0,0,6,0.01,2,0,0,0,13,0.03,2,0,0,0,8,0.02,1,0,2,0,0,0,0,0,0,0,50,0.12,1930,4.69
SK0311,District of Bytča,31154,29890,95.94,21,0.07,0,0,5,0.02,111,0.36,7,0.02,17,0.05,2,0.01,9,0.03,8,0.03,9,0.03,6,0.02,5,0.02,1,0,1,0,1,0,2,0.01,1,0,0,0,0,0,0,0,2,0.01,1,0,1,0,1,0,0,0,0,0,0,0,0,0,24,0.08,1029,3.3
SK0312,District of Čadca,88642,84507,95.34,37,0.04,70,0.08,10,0.01,575,0.65,52,0.06,15,0.02,10,0.01,66,0.07,33,0.04,9,0.01,4,0,2,0,10,0.01,6,0.01,6,0.01,2,0,0,0,0,0,5,0.01,10,0.01,9,0.01,2,0,8,0.01,2,0,1,0,0,0,4,0,1,0,49,0.06,3137,3.54
SK0313,District of Dolný Kubín,39026,37566,96.26,29,0.07,34,0.09,7,0.02,170,0.44,28,0.07,6,0.02,3,0.01,41,0.11,15,0.04,5,0.01,1,0,6,0.02,6,0.02,0,0,1,0,1,0,2,0.01,0,0,2,0.01,8,0.02,5,0.01,0,0,4,0.01,6,0.02,1,0,1,0,2,0.01,0,0,47,0.12,1029,2.64
SK0314,District of Kysucké Nové Mesto,32699,31036,94.91,22,0.07,11,0.03,7,0.02,170,0.52,13,0.04,3,0.01,3,0.01,15,0.05,5,0.02,9,0.03,4,0.01,0,0,1,0,5,0.02,0,0,2,0.01,3,0.01,0,0,0,0,3,0.01,5,0.02,0,0,0,0,0,0,0,0,0,0,2,0.01,0,0,21,0.06,1359,4.16
SK0315,District of Liptovský Mikuláš,71935,67110,93.29,122,0.17,320,0.44,34,0.05,630,0.88,49,0.07,38,0.05,22,0.03,65,0.09,50,0.07,13,0.02,2,0,1,0,9,0.01,7,0.01,4,0.01,3,0,4,0.01,9,0.01,6,0.01,9,0.01,4,0.01,0,0,12,0.02,2,0,3,0,0,0,3,0,2,0,101,0.14,3301,4.59
SK0316,District of Martin,94376,88411,93.68,142,0.15,165,0.17,49,0.05,770,0.82,36,0.04,56,0.06,27,0.03,68,0.07,26,0.03,20,0.02,17,0.02,6,0.01,8,0.01,12,0.01,11,0.01,1,0,4,0,2,0,1,0,14,0.01,16,0.02,1,0,7,0.01,6,0.01,11,0.01,6,0.01,5,0.01,0,0,182,0.19,4296,4.55
SK0317,District of Námestovo,63200,61861,97.88,22,0.03,3,0,4,0.01,113,0.18,19,0.03,3,0,3,0,93,0.15,9,0.01,1,0,1,0,2,0,5,0.01,0,0,4,0.01,3,0,3,0,0,0,0,0,5,0.01,9,0.01,0,0,3,0,1,0,2,0,0,0,4,0.01,1,0,18,0.03,1008,1.59
SK0318,District of Ružomberok,57392,54518,94.99,69,0.12,96,0.17,15,0.03,216,0.38,58,0.1,9,0.02,9,0.02,36,0.06,23,0.04,24,0.04,3,0.01,4,0.01,8,0.01,6,0.01,2,0,0,0,5,0.01,0,0,2,0,11,0.02,5,0.01,0,0,3,0.01,4,0.01,3,0.01,2,0,5,0.01,1,0,52,0.09,2203,3.84
SK0319,District of Turčianske Teplice,15956,15113,94.72,13,0.08,7,0.04,6,0.04,77,0.48,9,0.06,68,0.43,2,0.01,9,0.06,2,0.01,0,0,3,0.02,1,0.01,1,0.01,0,0,2,0.01,0,0,0,0,2,0.01,0,0,7,0.04,1,0.01,0,0,1,0.01,0,0,1,0.01,0,0,0,0,0,0,12,0.08,619,3.88
SK031A,District of Tvrdošín,35856,34715,96.82,13,0.04,3,0.01,3,0.01,98,0.27,12,0.03,5,0.01,3,0.01,121,0.34,7,0.02,0,0,5,0.01,0,0,5,0.01,1,0,4,0.01,0,0,0,0,1,0,0,0,1,0,2,0.01,0,0,2,0.01,2,0.01,0,0,0,0,1,0,0,0,33,0.09,819,2.28
SK031B,District of Žilina,161377,152679,94.61,149,0.09,85,0.05,62,0.04,1105,0.68,164,0.1,49,0.03,46,0.03,103,0.06,71,0.04,37,0.02,23,0.01,18,0.01,13,0.01,24,0.01,8,0,8,0,14,0.01,5,0,9,0.01,48,0.03,37,0.02,127,0.08,14,0.01,12,0.01,12,0.01,4,0,6,0,2,0,264,0.16,6179,3.83
SK0321,District of Banská Bystrica,108730,101390,93.25,323,0.3,195,0.18,45,0.04,736,0.68,128,0.12,61,0.06,28,0.03,65,0.06,124,0.11,33,0.03,19,0.02,11,0.01,17,0.02,15,0.01,21,0.02,15,0.01,12,0.01,15,0.01,3,0,23,0.02,22,0.02,1,0,15,0.01,8,0.01,9,0.01,4,0,5,0,2,0,193,0.18,5192,4.78
SK0322,District of Banská Štiavnica,15649,14981,95.73,43,0.27,93,0.59,3,0.02,62,0.4,9,0.06,11,0.07,2,0.01,9,0.06,2,0.01,0,0,2,0.01,0,0,2,0.01,1,0.01,6,0.04,1,0.01,7,0.04,1,0.01,0,0,0,0,4,0.03,0,0,1,0.01,0,0,0,0,3,0.02,1,0.01,0,0,24,0.15,381,2.43
SK0323,District of Brezno,59446,55276,92.99,81,0.14,551,0.93,29,0.05,236,0.4,48,0.08,22,0.04,16,0.03,23,0.04,11,0.02,21,0.04,1,0,3,0.01,6,0.01,9,0.02,3,0.01,3,0.01,1,0,0,0,0,0,6,0.01,7,0.01,0,0,3,0.01,2,0,0,0,0,0,2,0,0,0,51,0.09,3035,5.11
SK0324,District of Detva,31034,29367,94.63,42,0.14,160,0.52,4,0.01,112,0.36,24,0.08,2,0.01,9,0.03,15,0.05,11,0.04,8,0.03,2,0.01,8,0.03,1,0,2,0.01,1,0,2,0.01,1,0,0,0,2,0.01,2,0.01,5,0.02,0,0,2,0.01,0,0,0,0,0,0,2,0.01,1,0,21,0.07,1228,3.96
SK0325,District of Krupina,21517,20402,94.82,90,0.42,180,0.84,5,0.02,52,0.24,35,0.16,6,0.03,3,0.01,13,0.06,6,0.03,10,0.05,0,0,0,0,1,0,1,0,14,0.07,0,0,1,0,0,0,0,0,0,0,7,0.03,0,0,6,0.03,1,0,0,0,0,0,0,0,2,0.01,28,0.13,654,3.04
SK0326,District of Lučenec,70422,47324,67.2,16580,23.54,1329,1.89,11,0.02,236,0.34,48,0.07,29,0.04,6,0.01,21,0.03,18,0.03,9,0.01,9,0.01,0,0,9,0.01,3,0,12,0.02,16,0.02,13,0.02,1,0,1,0,23,0.03,15,0.02,1,0,6,0.01,3,0,29,0.04,0,0,5,0.01,0,0,79,0.11,4586,6.51
SK0327,District of Poltár,20634,19455,94.29,94,0.46,111,0.54,4,0.02,55,0.27,4,0.02,6,0.03,1,0,6,0.03,11,0.05,9,0.04,0,0,2,0.01,3,0.01,3,0.01,2,0.01,1,0,2,0.01,1,0,2,0.01,0,0,1,0,0,0,0,0,1,0,1,0,0,0,0,0,0,0,18,0.09,841,4.08
SK0328,District of Revúca,38669,27031,69.9,7355,19.02,1266,3.27,11,0.03,127,0.33,45,0.12,8,0.02,3,0.01,14,0.04,9,0.02,2,0.01,3,0.01,1,0,0,0,0,0,3,0.01,3,0.01,1,0,0,0,0,0,15,0.04,5,0.01,0,0,4,0.01,0,0,1,0,0,0,0,0,0,0,32,0.08,2730,7.06
SK0329,District of Rimavská Sobota,80666,40870,50.67,31891,39.53,3898,4.83,12,0.01,256,0.32,41,0.05,28,0.03,3,0,18,0.02,9,0.01,17,0.02,5,0.01,2,0,4,0,1,0,12,0.01,1,0,6,0.01,1,0,0,0,30,0.04,5,0.01,0,0,4,0,5,0.01,7,0.01,0,0,5,0.01,0,0,49,0.06,3486,4.32
SK032A,District of Veľký Krtíš,41998,30550,72.74,9004,21.44,200,0.48,3,0.01,163,0.39,64,0.15,14,0.03,2,0,18,0.04,10,0.02,4,0.01,4,0.01,0,0,5,0.01,0,0,11,0.03,2,0,4,0.01,0,0,1,0,12,0.03,12,0.03,0,0,1,0,5,0.01,0,0,0,0,1,0,0,0,32,0.08,1876,4.47
SK032B,District of Zvolen,66750,61248,91.76,218,0.33,211,0.32,39,0.06,425,0.64,77,0.12,19,0.03,23,0.03,53,0.08,48,0.07,37,0.06,9,0.01,6,0.01,8,0.01,5,0.01,24,0.04,6,0.01,5,0.01,2,0,1,0,19,0.03,12,0.02,0,0,9,0.01,5,0.01,12,0.02,2,0,3,0,0,0,105,0.16,4119,6.17
SK032C,District of Žarnovica,25242,23705,93.91,39,0.15,123,0.49,7,0.03,74,0.29,45,0.18,10,0.04,3,0.01,45,0.18,5,0.02,9,0.04,2,0.01,0,0,1,0,0,0,9,0.04,2,0.01,1,0,2,0.01,0,0,14,0.06,2,0.01,0,0,2,0.01,3,0.01,3,0.01,0,0,0,0,0,0,35,0.14,1101,4.36
SK032D,District of Žiar nad Hronom,44844,41444,92.42,105,0.23,162,0.36,22,0.05,171,0.38,29,0.06,71,0.16,7,0.02,23,0.05,13,0.03,15,0.03,0,0,3,0.01,8,0.02,4,0.01,4,0.01,0,0,2,0,1,0,0,0,4,0.01,5,0.01,0,0,9,0.02,3,0.01,1,0,0,0,1,0,0,0,31,0.07,2706,6.03
SK0411,District of Bardejov,76012,69170,91,59,0.08,1315,1.73,1848,2.43,172,0.23,305,0.4,9,0.01,3,0,89,0.12,22,0.03,19,0.02,2,0,2,0,1,0,3,0,5,0.01,6,0.01,2,0,1,0,0,0,13,0.02,10,0.01,0,0,2,0,0,0,2,0,1,0,6,0.01,0,0,64,0.08,2881,3.79
SK0412,District of Humenné,60126,53391,88.8,66,0.11,786,1.31,1892,3.15,197,0.33,339,0.56,5,0.01,9,0.01,45,0.07,20,0.03,34,0.06,4,0.01,1,0,3,0,1,0,3,0,1,0,1,0,1,0,0,0,1,0,7,0.01,0,0,5,0.01,1,0,0,0,0,0,4,0.01,0,0,40,0.07,3269,5.44
SK0413,District of Kežmarok,73685,64105,87,57,0.08,6179,8.39,98,0.13,180,0.24,69,0.09,42,0.06,5,0.01,146,0.2,35,0.05,17,0.02,1,0,2,0,1,0,3,0,5,0.01,1,0,2,0,0,0,0,0,18,0.02,7,0.01,0,0,9,0.01,1,0,1,0,1,0,0,0,0,0,53,0.07,2647,3.59
SK0414,District of Levoča,33107,30403,91.83,27,0.08,1182,3.57,221,0.67,74,0.22,12,0.04,7,0.02,0,0,11,0.03,9,0.03,1,0,1,0,0,0,1,0,0,0,3,0.01,0,0,1,0,0,0,0,0,9,0.03,2,0.01,0,0,0,0,3,0.01,1,0,0,0,1,0,0,0,15,0.05,1123,3.39
SK0415,District of Medzilaborce,11056,6473,58.55,18,0.16,203,1.84,3459,31.29,56,0.51,239,2.16,2,0.02,0,0,5,0.05,10,0.09,7,0.06,1,0.01,0,0,0,0,0,0,4,0.04,0,0,0,0,1,0.01,0,0,1,0.01,2,0.02,0,0,1,0.01,0,0,0,0,0,0,0,0,0,0,5,0.05,569,5.15
SK0416,District of Poprad,102744,95163,92.62,162,0.16,1125,1.09,166,0.16,576,0.56,93,0.09,63,0.06,18,0.02,118,0.11,52,0.05,60,0.06,11,0.01,7,0.01,7,0.01,17,0.02,9,0.01,10,0.01,7,0.01,0,0,3,0,27,0.03,17,0.02,1,0,16,0.02,3,0,1,0,0,0,5,0,9,0.01,120,0.12,4878,4.75
SK0417,District of Prešov,172804,157216,90.98,230,0.13,3230,1.87,1234,0.71,640,0.37,722,0.42,72,0.04,23,0.01,258,0.15,91,0.05,38,0.02,44,0.03,22,0.01,12,0.01,19,0.01,10,0.01,34,0.02,16,0.01,15,0.01,6,0,31,0.02,52,0.03,0,0,29,0.02,36,0.02,14,0.01,1,0,15,0.01,2,0,227,0.13,8465,4.9
SK0418,District of Sabinov,60389,52272,86.56,30,0.05,5449,9.02,332,0.55,94,0.16,62,0.1,9,0.01,2,0,24,0.04,18,0.03,0,0,3,0,6,0.01,0,0,3,0,4,0.01,1,0,2,0,1,0,2,0,0,0,4,0.01,0,0,2,0,0,0,0,0,0,0,5,0.01,0,0,23,0.04,2041,3.38
SK0419,District of Snina,35125,29179,83.07,30,0.09,201,0.57,3184,9.06,134,0.38,383,1.09,9,0.03,1,0,21,0.06,12,0.03,6,0.02,1,0,1,0,4,0.01,3,0.01,0,0,1,0,0,0,0,0,1,0,0,0,5,0.01,0,0,1,0,0,0,2,0.01,0,0,0,0,0,0,29,0.08,1917,5.46
SK041A,District of Stará Ľubovňa,52968,45720,86.32,25,0.05,1528,2.88,2816,5.32,101,0.19,181,0.34,107,0.2,9,0.02,69,0.13,16,0.03,7,0.01,0,0,2,0,3,0.01,0,0,4,0.01,1,0,3,0.01,2,0,0,0,2,0,6,0.01,0,0,1,0,0,0,1,0,0,0,3,0.01,0,0,44,0.08,2317,4.37
SK041B,District of Stropkov,19878,17117,86.11,15,0.08,407,2.05,984,4.95,68,0.34,81,0.41,3,0.02,0,0,16,0.08,13,0.07,4,0.02,1,0.01,1,0.01,4,0.02,0,0,3,0.02,3,0.02,2,0.01,0,0,0,0,0,0,3,0.02,1,0.01,7,0.04,0,0,0,0,0,0,0,0,0,0,23,0.12,1122,5.64
SK041C,District of Svidník,31611,25684,81.25,26,0.08,929,2.94,3187,10.08,77,0.24,291,0.92,6,0.02,3,0.01,27,0.09,11,0.03,10,0.03,2,0.01,3,0.01,1,0,1,0,3,0.01,5,0.02,0,0,0,0,1,0,3,0.01,9,0.03,0,0,6,0.02,1,0,1,0,0,0,0,0,0,0,20,0.06,1304,4.13
SK041D,District of Vranov nad Topľou,79426,69889,87.99,64,0.08,5607,7.06,180,0.23,207,0.26,82,0.1,6,0.01,3,0,34,0.04,17,0.02,14,0.02,5,0.01,2,0,3,0,2,0,11,0.01,15,0.02,2,0,2,0,1,0,0,0,7,0.01,0,0,6,0.01,0,0,0,0,0,0,4,0.01,2,0,56,0.07,3205,4.04
SK0421,District of Gelnica,31698,27956,88.19,26,0.08,2142,6.76,127,0.4,81,0.26,39,0.12,91,0.29,1,0,5,0.02,7,0.02,10,0.03,0,0,2,0.01,0,0,1,0,1,0,0,0,1,0,0,0,0,0,1,0,1,0,0,0,0,0,0,0,3,0.01,0,0,0,0,0,0,21,0.07,1182,3.73
SK0422,District of Košice I,64453,54702,84.87,1772,2.75,292,0.45,375,0.58,424,0.66,352,0.55,66,0.1,13,0.02,34,0.05,51,0.08,22,0.03,21,0.03,6,0.01,16,0.02,35,0.05,11,0.02,16,0.02,2,0,7,0.01,2,0,7,0.01,26,0.04,1,0,7,0.01,14,0.02,5,0.01,1,0,3,0,3,0,217,0.34,5950,9.23
SK0423,District of Košice II,79437,64058,80.64,1757,2.21,3308,4.16,413,0.52,510,0.64,249,0.31,51,0.06,20,0.03,51,0.06,61,0.08,252,0.32,18,0.02,5,0.01,13,0.02,8,0.01,13,0.02,19,0.02,4,0.01,9,0.01,0,0,9,0.01,8,0.01,0,0,12,0.02,6,0.01,4,0.01,0,0,2,0,0,0,189,0.24,8388,10.56
SK0424,District of Košice III,28135,24199,86.01,582,2.07,171,0.61,160,0.57,127,0.45,87,0.31,17,0.06,3,0.01,16,0.06,21,0.07,6,0.02,5,0.02,3,0.01,1,0,6,0.02,1,0,2,0.01,1,0,3,0.01,1,0,6,0.02,2,0.01,0,0,2,0.01,0,0,2,0.01,1,0,6,0.02,0,0,48,0.17,2656,9.44
SK0425,District of Košice IV,57015,48816,85.62,1525,2.67,381,0.67,263,0.46,303,0.53,194,0.34,36,0.06,10,0.02,38,0.07,43,0.08,74,0.13,11,0.02,3,0.01,5,0.01,15,0.03,3,0.01,9,0.02,2,0,2,0,1,0,24,0.04,9,0.02,0,0,9,0.02,7,0.01,4,0.01,3,0.01,1,0,4,0.01,117,0.21,5103,8.95
SK0426,District of Košice - okolie,128346,103397,80.56,10397,8.1,6799,5.3,186,0.14,339,0.26,127,0.1,306,0.24,14,0.01,67,0.05,32,0.02,7,0.01,9,0.01,3,0,8,0.01,8,0.01,6,0,5,0,4,0,4,0,2,0,2,0,6,0,1,0,19,0.01,3,0,1,0,2,0,8,0.01,0,0,129,0.1,6455,5.03
SK0427,District of Michalovce,108954,87531,80.34,11371,10.44,1995,1.83,222,0.2,359,0.33,425,0.39,30,0.03,8,0.01,65,0.06,45,0.04,29,0.03,16,0.01,2,0,11,0.01,5,0,5,0,5,0,0,0,7,0.01,1,0,18,0.02,11,0.01,0,0,14,0.01,3,0,2,0,0,0,0,0,0,0,81,0.07,6693,6.14
SK0428,District of Rožňava,59345,39696,66.89,13559,22.85,2056,3.46,32,0.05,196,0.33,46,0.08,29,0.05,4,0.01,17,0.03,11,0.02,16,0.03,3,0.01,0,0,4,0.01,6,0.01,6,0.01,2,0,4,0.01,1,0,0,0,11,0.02,4,0.01,0,0,4,0.01,2,0,5,0.01,0,0,2,0,1,0,53,0.09,3575,6.02
SK0429,District of Sobrance,22440,19721,87.88,108,0.48,1234,5.5,165,0.74,85,0.38,325,1.45,4,0.02,3,0.01,19,0.08,9,0.04,3,0.01,3,0.01,1,0,0,0,0,0,4,0.02,0,0,2,0.01,0,0,0,0,2,0.01,0,0,0,0,1,0,0,0,0,0,0,0,3,0.01,0,0,25,0.11,723,3.22
SK042A,District of Spišská Nová Ves,98706,89487,90.66,79,0.08,2148,2.18,260,0.26,230,0.23,74,0.07,40,0.04,7,0.01,64,0.06,30,0.03,41,0.04,3,0,2,0,6,0.01,1,0,3,0,4,0,5,0.01,2,0,3,0,11,0.01,7,0.01,0,0,4,0,1,0,1,0,0,0,3,0,2,0,72,0.07,6116,6.2
SK042B,District of Trebišov,103687,67913,65.5,25034,24.14,3765,3.63,120,0.12,290,0.28,160,0.15,16,0.02,4,0,20,0.02,18,0.02,46,0.04,3,0,4,0,15,0.01,3,0,4,0,10,0.01,2,0,0,0,0,0,11,0.01,11,0.01,1,0,9,0.01,3,0,6,0.01,1,0,2,0,0,0,61,0.06,6155,5.94